{
    "loss": 2.828664541244507,
    "accuracy": 0.6474820375442505
}