{
    "loss": 19.141496658325195,
    "accuracy": 0.48201438784599304
}