{
    "loss": 1.2174301147460938,
    "accuracy": 0.9064748287200928
}