{
    "loss": 4.841885089874268,
    "accuracy": 0.6187050342559814
}